dest	src	nlq	lq	cost
78.41.113.124	78.41.112.4	0.874	1.000	1.143
78.41.112.59	78.41.112.7	0.278	0.952	3.769
193.238.159.61	78.41.112.7	0.917	0.823	1.323
78.41.112.104	78.41.112.9	0.897	0.497	2.235
78.41.112.222	78.41.112.9	0.897	1.000	1.113
193.238.159.100	78.41.112.9	0.897	1.000	1.113
78.41.112.201	78.41.112.10	0.905	1.000	1.104
78.41.113.191	78.41.112.10	1.000	1.000	1.000
193.238.156.32	78.41.112.10	1.000	1.000	1.000
193.238.156.97	78.41.112.10	1.000	1.000	1.000
193.238.159.206	78.41.112.11	1.000	1.000	1.000
193.238.159.241	78.41.112.11	0.944	0.466	2.267
78.41.112.124	78.41.112.12	1.000	0.709	1.408
78.41.113.77	78.41.112.12	1.000	1.000	1.000
78.41.113.228	78.41.112.12	1.000	1.000	1.000
193.238.156.35	78.41.112.12	1.000	1.000	1.000
193.238.156.225	78.41.112.12	1.000	1.000	1.000
193.238.158.90	78.41.112.12	1.000	1.000	1.000
193.238.158.188	78.41.112.12	1.000	1.000	1.000
193.238.159.25	78.41.112.12	1.000	1.000	1.000
193.238.159.54	78.41.112.12	1.000	1.000	1.000
193.238.159.222	78.41.112.12	1.000	1.000	1.000
78.41.112.27	78.41.112.17	1.000	1.000	1.000
78.41.113.250	78.41.112.17	0.823	1.000	1.214
193.238.157.207	78.41.112.18	1.000	1.000	1.000
193.238.156.152	78.41.112.20	0.769	0.839	1.550
78.41.112.17	78.41.112.27	1.000	1.000	1.000
78.41.112.32	78.41.112.31	1.000	1.000	1.000
78.41.113.132	78.41.112.31	1.000	1.000	1.000
78.41.112.31	78.41.112.32	1.000	1.000	1.000
78.41.113.90	78.41.112.45	0.913	0.572	1.911
78.41.112.50	78.41.112.49	1.000	1.000	1.000
193.238.156.247	78.41.112.49	1.000	1.000	1.000
193.238.159.59	78.41.112.49	1.000	1.000	1.000
78.41.112.49	78.41.112.50	1.000	1.000	1.000
193.238.156.247	78.41.112.50	1.000	1.000	1.000
193.238.159.59	78.41.112.50	1.000	1.000	1.000
78.41.112.7	78.41.112.59	0.964	0.278	3.723
193.238.159.61	78.41.112.59	0.944	0.886	1.193
78.41.113.188	78.41.112.60	1.000	1.000	1.000
193.238.156.55	78.41.112.60	1.000	1.000	1.000
193.238.156.184	78.41.112.60	1.000	1.000	1.000
193.238.158.27	78.41.112.60	1.000	1.000	1.000
193.238.158.29	78.41.112.60	1.000	1.000	1.000
193.238.158.72	78.41.112.60	1.000	1.000	1.000
193.238.158.248	78.41.112.60	1.000	1.000	1.000
193.238.159.100	78.41.112.65	1.000	1.000	1.000
193.238.156.139	78.41.112.66	1.000	0.462	2.160
193.238.159.81	78.41.112.66	1.000	1.000	1.000
193.238.159.100	78.41.112.66	0.195	1.000	5.100
193.238.159.137	78.41.112.66	1.000	1.000	1.000
193.238.159.227	78.41.112.66	1.000	0.195	5.100
193.238.156.228	78.41.112.68	1.000	1.000	1.000
193.238.158.230	78.41.112.68	1.000	1.000	1.000
193.238.156.234	78.41.112.69	0.792	0.435	2.899
193.238.158.167	78.41.112.69	0.584	0.987	1.731
78.41.112.236	78.41.112.72	1.000	0.940	1.063
78.41.113.241	78.41.112.72	1.000	1.000	1.000
193.238.159.8	78.41.112.72	1.000	1.000	1.000
193.238.159.13	78.41.112.72	1.000	1.000	1.000
78.41.112.169	78.41.112.76	1.000	1.000	1.000
193.238.158.91	78.41.112.76	1.000	1.000	1.000
193.238.158.119	78.41.112.76	1.000	1.000	1.000
193.238.158.237	78.41.112.76	1.000	0.521	1.917
78.41.113.13	78.41.112.79	1.000	1.000	1.000
78.41.113.144	78.41.112.79	1.000	1.000	1.000
78.41.113.60	78.41.112.86	1.000	1.000	1.000
193.238.159.54	78.41.112.86	1.000	1.000	1.000
78.41.112.99	78.41.112.92	1.000	1.000	1.000
193.238.158.26	78.41.112.92	1.000	1.000	1.000
193.238.158.169	78.41.112.92	1.000	1.000	1.000
193.238.159.232	78.41.112.92	1.000	1.000	1.000
78.41.112.168	78.41.112.93	1.000	1.000	1.000
193.238.158.141	78.41.112.93	0.874	0.983	1.161
193.238.159.29	78.41.112.93	0.843	1.000	1.186
193.238.159.39	78.41.112.93	1.000	1.000	1.000
193.238.159.50	78.41.112.93	1.000	1.000	1.000
78.41.112.92	78.41.112.99	1.000	1.000	1.000
193.238.158.26	78.41.112.99	1.000	1.000	1.000
193.238.158.169	78.41.112.99	1.000	1.000	1.000
193.238.159.232	78.41.112.99	1.000	1.000	1.000
78.41.112.222	78.41.112.100	1.000	1.000	1.000
193.238.158.134	78.41.112.100	0.874	0.776	1.473
193.238.159.100	78.41.112.102	1.000	1.000	1.000
78.41.112.122	78.41.112.103	1.000	1.000	1.000
78.41.112.9	78.41.112.104	0.497	0.897	2.235
193.238.159.100	78.41.112.104	0.497	1.000	2.008
78.41.113.57	78.41.112.107	1.000	1.000	1.000
193.238.158.202	78.41.112.107	1.000	1.000	1.000
193.238.159.129	78.41.112.108	1.000	1.000	1.000
193.238.159.165	78.41.112.108	1.000	1.000	1.000
193.238.156.60	78.41.112.111	0.757	0.835	1.581
193.238.156.234	78.41.112.111	0.796	0.615	2.040
193.238.159.35	78.41.112.111	0.796	0.792	1.585
193.238.159.175	78.41.112.115	0.843	0.518	2.291
193.238.156.73	78.41.112.120	0.674	0.211	7.000
193.238.156.82	78.41.112.120	0.713	0.878	1.595
193.238.158.244	78.41.112.120	0.502	0.356	5.582
193.238.159.25	78.41.112.120	1.000	1.000	1.000
193.238.159.143	78.41.112.120	0.697	0.639	2.240
78.41.112.103	78.41.112.122	1.000	1.000	1.000
193.238.158.91	78.41.112.122	1.000	1.000	1.000
78.41.112.12	78.41.112.124	0.740	1.000	1.349
193.238.156.3	78.41.112.124	1.000	1.000	1.000
193.238.158.244	78.41.112.124	1.000	1.000	1.000
78.41.113.90	78.41.112.126	1.000	1.000	1.000
78.41.113.124	78.41.112.126	1.000	1.000	1.000
78.41.113.137	78.41.112.126	1.000	1.000	1.000
78.41.113.246	78.41.112.126	1.000	0.921	1.085
78.41.113.250	78.41.112.126	1.000	1.000	1.000
193.238.158.86	78.41.112.126	1.000	1.000	1.000
193.238.158.195	78.41.112.126	0.843	0.972	1.219
78.41.113.7	78.41.112.131	1.000	0.862	1.158
78.41.113.35	78.41.112.131	1.000	1.000	1.000
78.41.113.214	78.41.112.131	1.000	1.000	1.000
193.238.156.31	78.41.112.131	1.000	0.396	2.524
193.238.156.90	78.41.112.131	1.000	1.000	1.000
193.238.156.144	78.41.112.131	1.000	1.000	1.000
193.238.158.70	78.41.112.131	0.561	0.654	2.723
193.238.158.169	78.41.112.131	1.000	1.000	1.000
193.238.158.254	78.41.112.132	1.000	1.000	1.000
193.238.159.103	78.41.112.132	1.000	1.000	1.000
78.41.112.225	78.41.112.136	1.000	1.000	1.000
78.41.113.187	78.41.112.137	1.000	0.960	1.040
193.238.159.100	78.41.112.137	1.000	1.000	1.000
78.41.113.99	78.41.112.143	1.000	1.000	1.000
78.41.113.244	78.41.112.143	1.000	1.000	1.000
193.238.156.10	78.41.112.143	1.000	1.000	1.000
193.238.156.62	78.41.112.146	1.000	1.000	1.000
193.238.158.241	78.41.112.146	0.933	0.717	1.492
78.41.112.223	78.41.112.149	1.000	1.000	1.000
78.41.112.237	78.41.112.149	1.000	1.000	1.000
78.41.112.220	78.41.112.156	1.000	1.000	1.000
193.238.158.200	78.41.112.156	1.000	1.000	1.000
78.41.112.166	78.41.112.161	1.000	1.000	1.000
78.41.113.250	78.41.112.161	0.882	1.000	1.133
78.41.112.161	78.41.112.166	1.000	1.000	1.000
193.238.159.100	78.41.112.167	1.000	1.000	1.000
78.41.112.93	78.41.112.168	1.000	1.000	1.000
193.238.159.39	78.41.112.168	1.000	1.000	1.000
193.238.159.71	78.41.112.168	0.792	0.905	1.393
78.41.112.76	78.41.112.169	1.000	1.000	1.000
193.238.158.91	78.41.112.169	1.000	1.000	1.000
193.238.158.119	78.41.112.169	1.000	1.000	1.000
193.238.156.213	78.41.112.171	1.000	1.000	1.000
193.238.158.95	78.41.112.171	1.000	1.000	1.000
193.238.159.100	78.41.112.171	1.000	1.000	1.000
78.41.112.178	78.41.112.173	1.000	1.000	1.000
78.41.113.131	78.41.112.173	1.000	1.000	1.000
193.238.159.61	78.41.112.173	0.940	0.506	2.100
193.238.159.61	78.41.112.177	1.000	1.000	1.000
78.41.112.173	78.41.112.178	1.000	1.000	1.000
78.41.113.131	78.41.112.178	1.000	1.000	1.000
193.238.159.61	78.41.112.178	0.964	0.800	1.295
78.41.113.90	78.41.112.187	0.894	0.364	3.066
78.41.112.236	78.41.112.189	1.000	1.000	1.000
78.41.113.223	78.41.112.189	0.964	0.697	1.484
193.238.156.4	78.41.112.189	1.000	1.000	1.000
78.41.113.248	78.41.112.194	0.831	0.944	1.272
193.238.156.253	78.41.112.194	0.937	0.525	2.030
193.238.159.192	78.41.112.194	0.701	0.944	1.507
78.41.112.220	78.41.112.195	1.000	1.000	1.000
78.41.113.135	78.41.112.195	1.000	1.000	1.000
193.238.156.166	78.41.112.195	1.000	1.000	1.000
193.238.158.237	78.41.112.195	1.000	1.000	1.000
193.238.158.240	78.41.112.195	1.000	1.000	1.000
193.238.159.113	78.41.112.195	1.000	1.000	1.000
193.238.159.252	78.41.112.195	1.000	1.000	1.000
78.41.112.10	78.41.112.201	1.000	0.905	1.104
78.41.113.6	78.41.112.201	1.000	1.000	1.000
78.41.113.99	78.41.112.201	0.972	1.000	1.027
78.41.113.120	78.41.112.201	1.000	1.000	1.000
78.41.113.214	78.41.112.201	1.000	1.000	1.000
193.238.156.25	78.41.112.201	1.000	1.000	1.000
193.238.156.227	78.41.112.201	1.000	0.576	1.734
193.238.157.207	78.41.112.203	0.976	0.521	1.963
78.41.112.235	78.41.112.213	0.662	0.251	6.012
193.238.158.53	78.41.112.213	1.000	1.000	1.000
193.238.158.186	78.41.112.213	1.000	1.000	1.000
193.238.159.246	78.41.112.213	1.000	1.000	1.000
78.41.112.156	78.41.112.220	1.000	1.000	1.000
78.41.112.195	78.41.112.220	1.000	1.000	1.000
193.238.158.200	78.41.112.220	1.000	1.000	1.000
78.41.112.9	78.41.112.222	1.000	0.897	1.113
78.41.112.100	78.41.112.222	1.000	1.000	1.000
78.41.113.71	78.41.112.222	0.983	0.646	1.569
78.41.113.98	78.41.112.222	1.000	1.000	1.000
78.41.113.214	78.41.112.222	1.000	1.000	1.000
193.238.156.22	78.41.112.222	1.000	0.098	10.199
193.238.156.68	78.41.112.222	1.000	1.000	1.000
193.238.156.149	78.41.112.222	1.000	0.098	10.199
193.238.156.191	78.41.112.222	1.000	0.098	10.199
193.238.159.5	78.41.112.222	1.000	1.000	1.000
193.238.159.100	78.41.112.222	1.000	1.000	1.000
193.238.159.169	78.41.112.222	1.000	0.396	2.524
78.41.112.149	78.41.112.223	1.000	1.000	1.000
78.41.112.237	78.41.112.223	1.000	1.000	1.000
193.238.156.237	78.41.112.223	0.796	1.000	1.256
78.41.112.249	78.41.112.224	1.000	1.000	1.000
193.238.158.188	78.41.112.224	1.000	1.000	1.000
78.41.112.136	78.41.112.225	1.000	1.000	1.000
193.238.156.253	78.41.112.225	0.940	0.306	3.473
193.238.158.241	78.41.112.225	0.976	0.514	1.993
78.41.112.247	78.41.112.228	1.000	1.000	1.000
193.238.156.82	78.41.112.228	1.000	1.000	1.000
193.238.158.220	78.41.112.228	1.000	1.000	1.000
193.238.159.222	78.41.112.228	1.000	1.000	1.000
78.41.113.167	78.41.112.229	0.925	0.827	1.306
78.41.112.213	78.41.112.235	0.274	0.654	5.562
78.41.113.140	78.41.112.235	0.705	0.384	3.686
193.238.159.200	78.41.112.235	0.259	0.474	8.142
78.41.112.72	78.41.112.236	0.940	1.000	1.063
78.41.112.189	78.41.112.236	1.000	1.000	1.000
193.238.156.4	78.41.112.236	1.000	1.000	1.000
78.41.112.149	78.41.112.237	1.000	1.000	1.000
78.41.112.223	78.41.112.237	1.000	1.000	1.000
193.238.158.89	78.41.112.244	0.835	0.674	1.774
193.238.158.249	78.41.112.244	0.948	0.847	1.243
78.41.112.228	78.41.112.247	1.000	1.000	1.000
193.238.156.82	78.41.112.247	1.000	1.000	1.000
193.238.158.220	78.41.112.247	1.000	1.000	1.000
193.238.159.222	78.41.112.247	1.000	1.000	1.000
78.41.112.224	78.41.112.249	1.000	1.000	1.000
193.238.156.73	78.41.112.249	0.662	0.584	2.582
193.238.158.244	78.41.112.249	0.670	0.188	7.922
193.238.158.250	78.41.112.249	0.780	0.854	1.498
193.238.159.101	78.41.112.249	0.145	0.384	17.933
193.238.159.143	78.41.112.249	0.713	0.776	1.804
193.238.156.199	78.41.112.254	0.979	0.713	1.429
78.41.112.201	78.41.113.6	1.000	1.000	1.000
78.41.113.241	78.41.113.6	1.000	0.866	1.153
78.41.112.131	78.41.113.7	0.862	1.000	1.158
193.238.159.163	78.41.113.7	1.000	1.000	1.000
78.41.112.79	78.41.113.13	1.000	1.000	1.000
78.41.113.144	78.41.113.13	1.000	1.000	1.000
193.238.158.148	78.41.113.21	0.689	0.776	1.865
78.41.113.71	78.41.113.22	1.000	1.000	1.000
193.238.156.133	78.41.113.22	1.000	1.000	1.000
193.238.156.253	78.41.113.22	0.246	0.454	8.897
78.41.113.26	78.41.113.23	1.000	1.000	1.000
193.238.156.19	78.41.113.23	1.000	0.329	3.035
193.238.156.39	78.41.113.23	1.000	1.000	1.000
193.238.156.54	78.41.113.23	1.000	1.000	1.000
193.238.156.202	78.41.113.23	1.000	1.000	1.000
193.238.158.27	78.41.113.23	1.000	1.000	1.000
193.238.159.39	78.41.113.23	1.000	1.000	1.000
193.238.159.48	78.41.113.23	1.000	1.000	1.000
193.238.159.69	78.41.113.23	1.000	1.000	1.000
193.238.159.83	78.41.113.23	1.000	1.000	1.000
193.238.159.121	78.41.113.23	0.964	0.658	1.573
78.41.113.150	78.41.113.24	1.000	1.000	1.000
193.238.156.202	78.41.113.24	0.874	0.847	1.350
193.238.158.148	78.41.113.25	1.000	0.627	1.594
78.41.113.23	78.41.113.26	1.000	1.000	1.000
193.238.156.39	78.41.113.26	1.000	1.000	1.000
193.238.156.54	78.41.113.26	1.000	1.000	1.000
193.238.156.202	78.41.113.26	1.000	1.000	1.000
193.238.158.27	78.41.113.26	1.000	1.000	1.000
193.238.159.39	78.41.113.26	1.000	1.000	1.000
193.238.159.48	78.41.113.26	1.000	1.000	1.000
193.238.159.69	78.41.113.26	1.000	1.000	1.000
193.238.159.83	78.41.113.26	1.000	1.000	1.000
193.238.159.122	78.41.113.26	0.458	0.129	16.841
193.238.159.246	78.41.113.30	1.000	0.780	1.281
78.41.112.131	78.41.113.35	1.000	1.000	1.000
78.41.113.214	78.41.113.35	1.000	1.000	1.000
193.238.156.90	78.41.113.35	1.000	1.000	1.000
193.238.158.169	78.41.113.35	1.000	1.000	1.000
193.238.156.152	78.41.113.42	1.000	1.000	1.000
193.238.159.44	78.41.113.42	1.000	1.000	1.000
193.238.159.46	78.41.113.42	1.000	1.000	1.000
78.41.113.150	78.41.113.44	1.000	1.000	1.000
193.238.159.160	78.41.113.44	1.000	1.000	1.000
78.41.113.57	78.41.113.47	1.000	1.000	1.000
78.41.113.246	78.41.113.47	1.000	1.000	1.000
193.238.159.129	78.41.113.47	1.000	1.000	1.000
78.41.112.107	78.41.113.57	1.000	1.000	1.000
78.41.113.47	78.41.113.57	1.000	1.000	1.000
78.41.113.246	78.41.113.57	1.000	1.000	1.000
193.238.159.129	78.41.113.57	1.000	1.000	1.000
78.41.112.86	78.41.113.60	1.000	1.000	1.000
78.41.112.222	78.41.113.71	0.646	1.000	1.545
78.41.113.22	78.41.113.71	1.000	1.000	1.000
78.41.113.92	78.41.113.71	1.000	1.000	1.000
78.41.113.94	78.41.113.71	1.000	1.000	1.000
193.238.156.68	78.41.113.71	0.646	1.000	1.545
193.238.156.133	78.41.113.71	1.000	1.000	1.000
193.238.156.184	78.41.113.71	0.643	1.000	1.555
78.41.113.74	78.41.113.73	1.000	1.000	1.000
78.41.113.112	78.41.113.73	1.000	1.000	1.000
78.41.113.73	78.41.113.74	1.000	1.000	1.000
78.41.113.112	78.41.113.74	1.000	1.000	1.000
193.238.159.106	78.41.113.74	1.000	0.917	1.089
78.41.112.12	78.41.113.77	1.000	1.000	1.000
78.41.113.228	78.41.113.77	1.000	1.000	1.000
193.238.156.35	78.41.113.77	1.000	1.000	1.000
193.238.156.135	78.41.113.77	1.000	1.000	1.000
193.238.156.204	78.41.113.77	1.000	0.851	1.175
193.238.156.225	78.41.113.77	1.000	1.000	1.000
193.238.158.90	78.41.113.77	1.000	1.000	1.000
193.238.158.188	78.41.113.77	1.000	1.000	1.000
193.238.159.25	78.41.113.77	1.000	1.000	1.000
193.238.159.54	78.41.113.77	1.000	1.000	1.000
78.41.112.45	78.41.113.90	0.564	0.913	1.938
78.41.112.126	78.41.113.90	1.000	1.000	1.000
78.41.112.187	78.41.113.90	0.364	0.976	2.808
78.41.113.124	78.41.113.90	1.000	1.000	1.000
78.41.113.137	78.41.113.90	1.000	1.000	1.000
78.41.113.250	78.41.113.90	1.000	1.000	1.000
193.238.158.86	78.41.113.90	1.000	1.000	1.000
78.41.113.71	78.41.113.92	1.000	1.000	1.000
78.41.113.71	78.41.113.94	1.000	1.000	1.000
193.238.159.169	78.41.113.94	0.152	0.682	9.582
78.41.112.222	78.41.113.98	1.000	1.000	1.000
193.238.156.22	78.41.113.98	1.000	1.000	1.000
193.238.156.49	78.41.113.98	1.000	1.000	1.000
193.238.156.149	78.41.113.98	1.000	1.000	1.000
193.238.156.191	78.41.113.98	1.000	1.000	1.000
193.238.156.253	78.41.113.98	1.000	1.000	1.000
193.238.159.169	78.41.113.98	1.000	1.000	1.000
193.238.159.240	78.41.113.98	0.643	1.000	1.555
78.41.112.143	78.41.113.99	1.000	1.000	1.000
78.41.112.201	78.41.113.99	1.000	0.983	1.016
78.41.113.244	78.41.113.99	1.000	1.000	1.000
193.238.156.10	78.41.113.99	1.000	1.000	1.000
78.41.113.132	78.41.113.100	0.874	0.956	1.194
78.41.113.140	78.41.113.100	0.866	0.796	1.449
78.41.113.199	78.41.113.100	0.729	0.987	1.387
78.41.113.200	78.41.113.100	0.827	0.968	1.247
193.238.156.66	78.41.113.100	1.000	1.000	1.000
193.238.159.200	78.41.113.100	0.878	1.000	1.138
193.238.159.217	78.41.113.100	1.000	0.956	1.045
193.238.156.184	78.41.113.104	1.000	1.000	1.000
78.41.113.73	78.41.113.112	1.000	1.000	1.000
78.41.113.74	78.41.113.112	1.000	1.000	1.000
78.41.113.228	78.41.113.112	1.000	1.000	1.000
193.238.159.100	78.41.113.118	1.000	1.000	1.000
78.41.112.201	78.41.113.120	1.000	1.000	1.000
78.41.113.223	78.41.113.120	1.000	1.000	1.000
78.41.112.4	78.41.113.124	1.000	0.874	1.143
78.41.112.126	78.41.113.124	1.000	1.000	1.000
78.41.113.90	78.41.113.124	1.000	1.000	1.000
78.41.113.137	78.41.113.124	1.000	1.000	1.000
78.41.113.250	78.41.113.124	1.000	1.000	1.000
193.238.158.86	78.41.113.124	1.000	1.000	1.000
193.238.158.181	78.41.113.124	0.792	1.000	1.262
193.238.159.190	78.41.113.124	1.000	0.847	1.180
78.41.112.173	78.41.113.131	1.000	1.000	1.000
78.41.112.178	78.41.113.131	1.000	1.000	1.000
78.41.112.31	78.41.113.132	1.000	1.000	1.000
78.41.113.100	78.41.113.132	0.952	0.909	1.153
78.41.113.140	78.41.113.132	0.878	0.831	1.369
78.41.113.199	78.41.113.132	0.862	0.968	1.196
78.41.113.200	78.41.113.132	0.937	0.948	1.124
193.238.159.100	78.41.113.132	0.697	1.000	1.432
193.238.159.200	78.41.113.132	0.917	1.000	1.089
193.238.159.217	78.41.113.132	1.000	1.000	1.000
78.41.112.195	78.41.113.135	1.000	1.000	1.000
78.41.113.250	78.41.113.135	0.757	1.000	1.320
193.238.156.166	78.41.113.135	1.000	1.000	1.000
193.238.158.237	78.41.113.135	1.000	1.000	1.000
193.238.158.240	78.41.113.135	1.000	1.000	1.000
193.238.159.113	78.41.113.135	1.000	1.000	1.000
193.238.159.252	78.41.113.135	1.000	1.000	1.000
78.41.112.126	78.41.113.137	1.000	1.000	1.000
78.41.113.90	78.41.113.137	1.000	1.000	1.000
78.41.113.124	78.41.113.137	1.000	1.000	1.000
78.41.113.250	78.41.113.137	1.000	1.000	1.000
193.238.158.86	78.41.113.137	1.000	1.000	1.000
193.238.156.97	78.41.113.139	0.991	0.827	1.218
78.41.112.235	78.41.113.140	0.419	0.596	3.998
78.41.113.100	78.41.113.140	0.725	0.866	1.590
78.41.113.132	78.41.113.140	0.897	0.913	1.218
78.41.113.199	78.41.113.140	0.662	0.956	1.576
78.41.113.200	78.41.113.140	0.693	0.987	1.457
193.238.159.200	78.41.113.140	0.909	0.952	1.153
193.238.159.217	78.41.113.140	0.886	1.000	1.128
193.238.156.49	78.41.113.143	0.654	0.721	2.115
78.41.112.79	78.41.113.144	1.000	1.000	1.000
78.41.113.13	78.41.113.144	1.000	1.000	1.000
193.238.158.72	78.41.113.144	0.983	0.929	1.093
78.41.113.24	78.41.113.150	1.000	1.000	1.000
78.41.113.44	78.41.113.150	1.000	1.000	1.000
193.238.158.28	78.41.113.159	1.000	1.000	1.000
193.238.158.250	78.41.113.159	1.000	1.000	1.000
78.41.112.229	78.41.113.167	0.870	0.925	1.240
193.238.158.244	78.41.113.167	0.796	0.392	3.203
78.41.112.137	78.41.113.187	0.972	1.000	1.027
78.41.112.60	78.41.113.188	1.000	1.000	1.000
78.41.113.240	78.41.113.188	0.886	0.944	1.193
193.238.156.55	78.41.113.188	1.000	1.000	1.000
193.238.156.184	78.41.113.188	1.000	1.000	1.000
193.238.158.27	78.41.113.188	1.000	1.000	1.000
193.238.158.29	78.41.113.188	1.000	1.000	1.000
193.238.158.72	78.41.113.188	1.000	1.000	1.000
193.238.158.248	78.41.113.188	1.000	1.000	1.000
78.41.112.10	78.41.113.191	1.000	1.000	1.000
193.238.159.25	78.41.113.196	1.000	1.000	1.000
193.238.157.207	78.41.113.197	0.769	0.607	2.140
193.238.159.139	78.41.113.197	0.772	0.592	2.186
78.41.113.100	78.41.113.199	0.976	0.933	1.097
78.41.113.132	78.41.113.199	0.956	0.933	1.119
78.41.113.140	78.41.113.199	0.956	0.870	1.200
78.41.113.200	78.41.113.199	1.000	1.000	1.000
193.238.159.200	78.41.113.199	0.948	0.870	1.210
193.238.159.217	78.41.113.199	0.976	0.870	1.176
78.41.113.100	78.41.113.200	0.968	0.792	1.303
78.41.113.132	78.41.113.200	0.948	0.905	1.163
78.41.113.140	78.41.113.200	0.987	0.780	1.296
78.41.113.199	78.41.113.200	1.000	1.000	1.000
193.238.159.200	78.41.113.200	0.987	0.870	1.162
193.238.159.217	78.41.113.200	0.968	0.870	1.186
78.41.112.131	78.41.113.214	1.000	1.000	1.000
78.41.112.201	78.41.113.214	1.000	1.000	1.000
78.41.112.222	78.41.113.214	1.000	1.000	1.000
78.41.113.35	78.41.113.214	1.000	1.000	1.000
193.238.156.9	78.41.113.214	1.000	1.000	1.000
193.238.156.90	78.41.113.214	1.000	1.000	1.000
193.238.156.120	78.41.113.214	1.000	1.000	1.000
193.238.158.32	78.41.113.214	1.000	1.000	1.000
193.238.158.169	78.41.113.214	1.000	1.000	1.000
193.238.158.248	78.41.113.214	1.000	1.000	1.000
193.238.159.61	78.41.113.214	0.972	1.000	1.027
193.238.159.100	78.41.113.214	1.000	1.000	1.000
193.238.156.151	78.41.113.219	1.000	1.000	1.000
193.238.156.163	78.41.113.219	0.800	0.646	1.932
193.238.156.172	78.41.113.219	0.604	0.553	2.994
193.238.159.175	78.41.113.219	0.812	0.553	2.228
78.41.112.189	78.41.113.223	0.697	0.964	1.484
78.41.113.120	78.41.113.223	1.000	1.000	1.000
78.41.112.12	78.41.113.228	1.000	1.000	1.000
78.41.113.77	78.41.113.228	1.000	1.000	1.000
78.41.113.112	78.41.113.228	1.000	1.000	1.000
193.238.156.35	78.41.113.228	1.000	1.000	1.000
193.238.156.225	78.41.113.228	1.000	1.000	1.000
193.238.156.227	78.41.113.228	0.195	1.000	5.100
193.238.158.90	78.41.113.228	1.000	1.000	1.000
193.238.158.188	78.41.113.228	1.000	1.000	1.000
193.238.159.25	78.41.113.228	1.000	1.000	1.000
193.238.159.54	78.41.113.228	1.000	1.000	1.000
193.238.159.230	78.41.113.231	1.000	1.000	1.000
193.238.159.239	78.41.113.231	1.000	1.000	1.000
193.238.159.240	78.41.113.231	0.925	0.866	1.246
193.238.156.249	78.41.113.233	0.929	0.713	1.507
193.238.158.109	78.41.113.233	0.874	0.937	1.220
78.41.113.188	78.41.113.240	0.964	0.886	1.169
78.41.112.72	78.41.113.241	1.000	1.000	1.000
78.41.113.6	78.41.113.241	0.960	1.000	1.040
193.238.159.8	78.41.113.241	1.000	1.000	1.000
193.238.159.13	78.41.113.241	1.000	1.000	1.000
78.41.112.143	78.41.113.244	1.000	1.000	1.000
78.41.113.99	78.41.113.244	1.000	1.000	1.000
193.238.156.10	78.41.113.244	1.000	1.000	1.000
78.41.112.126	78.41.113.246	0.921	1.000	1.085
78.41.113.47	78.41.113.246	1.000	1.000	1.000
78.41.113.57	78.41.113.246	1.000	1.000	1.000
193.238.159.129	78.41.113.246	1.000	1.000	1.000
78.41.112.194	78.41.113.248	0.940	0.721	1.472
78.41.112.17	78.41.113.250	1.000	0.823	1.214
78.41.112.126	78.41.113.250	1.000	1.000	1.000
78.41.112.161	78.41.113.250	1.000	0.882	1.133
78.41.113.90	78.41.113.250	1.000	1.000	1.000
78.41.113.124	78.41.113.250	1.000	1.000	1.000
78.41.113.135	78.41.113.250	1.000	0.744	1.342
78.41.113.137	78.41.113.250	1.000	1.000	1.000
193.238.156.31	78.41.113.250	1.000	0.968	1.032
193.238.156.76	78.41.113.250	1.000	0.979	1.020
193.238.158.86	78.41.113.250	1.000	1.000	1.000
193.238.159.36	78.41.113.250	1.000	1.000	1.000
78.41.112.124	193.238.156.3	1.000	1.000	1.000
193.238.156.51	193.238.156.3	1.000	0.882	1.133
193.238.156.184	193.238.156.3	1.000	0.521	1.917
193.238.158.244	193.238.156.3	1.000	1.000	1.000
78.41.112.189	193.238.156.4	1.000	1.000	1.000
78.41.112.236	193.238.156.4	1.000	1.000	1.000
193.238.156.61	193.238.156.6	0.686	0.933	1.561
193.238.158.244	193.238.156.6	0.983	0.388	2.616
78.41.113.214	193.238.156.9	1.000	1.000	1.000
78.41.112.143	193.238.156.10	1.000	1.000	1.000
78.41.113.99	193.238.156.10	1.000	1.000	1.000
78.41.113.244	193.238.156.10	1.000	1.000	1.000
193.238.156.11	193.238.156.10	1.000	1.000	1.000
193.238.156.75	193.238.156.10	1.000	1.000	1.000
193.238.156.226	193.238.156.10	0.423	0.901	2.617
193.238.158.118	193.238.156.10	1.000	1.000	1.000
193.238.159.17	193.238.156.10	0.858	1.000	1.164
193.238.159.180	193.238.156.10	0.897	1.000	1.113
193.238.156.10	193.238.156.11	1.000	1.000	1.000
193.238.156.97	193.238.156.11	0.921	0.761	1.426
193.238.158.118	193.238.156.11	1.000	1.000	1.000
193.238.159.40	193.238.156.11	0.156	0.921	6.917
193.238.159.25	193.238.156.13	1.000	1.000	1.000
193.238.158.148	193.238.156.14	0.925	1.000	1.080
78.41.113.23	193.238.156.19	0.329	1.000	3.035
193.238.156.39	193.238.156.19	1.000	1.000	1.000
193.238.159.121	193.238.156.19	1.000	1.000	1.000
193.238.159.150	193.238.156.19	0.882	0.983	1.151
78.41.112.222	193.238.156.22	0.098	1.000	10.199
78.41.113.98	193.238.156.22	1.000	1.000	1.000
193.238.156.49	193.238.156.22	1.000	1.000	1.000
193.238.156.149	193.238.156.22	1.000	1.000	1.000
193.238.156.191	193.238.156.22	1.000	1.000	1.000
193.238.156.245	193.238.156.22	0.740	0.757	1.782
193.238.159.169	193.238.156.22	1.000	1.000	1.000
193.238.159.204	193.238.156.22	0.776	0.921	1.397
78.41.112.201	193.238.156.25	1.000	1.000	1.000
78.41.112.131	193.238.156.31	0.396	1.000	2.524
78.41.113.250	193.238.156.31	0.968	1.000	1.032
193.238.156.144	193.238.156.31	0.396	1.000	2.524
78.41.112.10	193.238.156.32	1.000	1.000	1.000
193.238.158.2	193.238.156.32	1.000	1.000	1.000
193.238.159.178	193.238.156.32	1.000	1.000	1.000
78.41.112.12	193.238.156.35	1.000	1.000	1.000
78.41.113.77	193.238.156.35	1.000	1.000	1.000
78.41.113.228	193.238.156.35	1.000	1.000	1.000
193.238.156.225	193.238.156.35	1.000	1.000	1.000
193.238.158.90	193.238.156.35	1.000	1.000	1.000
193.238.158.188	193.238.156.35	1.000	1.000	1.000
193.238.159.25	193.238.156.35	1.000	1.000	1.000
193.238.159.54	193.238.156.35	1.000	1.000	1.000
193.238.156.43	193.238.156.36	1.000	1.000	1.000
78.41.113.23	193.238.156.39	1.000	1.000	1.000
78.41.113.26	193.238.156.39	1.000	1.000	1.000
193.238.156.19	193.238.156.39	1.000	1.000	1.000
193.238.156.54	193.238.156.39	1.000	1.000	1.000
193.238.156.202	193.238.156.39	1.000	1.000	1.000
193.238.158.27	193.238.156.39	1.000	1.000	1.000
193.238.159.39	193.238.156.39	1.000	1.000	1.000
193.238.159.48	193.238.156.39	1.000	1.000	1.000
193.238.159.69	193.238.156.39	0.827	1.000	1.208
193.238.159.83	193.238.156.39	0.897	1.000	1.113
193.238.159.121	193.238.156.39	1.000	1.000	1.000
193.238.159.150	193.238.156.39	1.000	1.000	1.000
193.238.159.40	193.238.156.40	1.000	1.000	1.000
193.238.156.36	193.238.156.43	1.000	1.000	1.000
193.238.159.54	193.238.156.43	1.000	1.000	1.000
193.238.156.74	193.238.156.46	1.000	1.000	1.000
193.238.158.89	193.238.156.46	1.000	1.000	1.000
193.238.159.101	193.238.156.46	0.717	0.678	2.054
193.238.159.219	193.238.156.46	0.572	0.674	2.589
78.41.113.98	193.238.156.49	1.000	1.000	1.000
78.41.113.143	193.238.156.49	0.732	0.654	2.082
193.238.156.22	193.238.156.49	1.000	1.000	1.000
193.238.156.68	193.238.156.49	0.403	0.450	5.489
193.238.156.149	193.238.156.49	1.000	1.000	1.000
193.238.156.191	193.238.156.49	1.000	1.000	1.000
193.238.156.192	193.238.156.49	0.493	0.952	2.123
193.238.156.243	193.238.156.49	0.744	0.808	1.661
193.238.159.169	193.238.156.49	1.000	1.000	1.000
193.238.156.3	193.238.156.51	0.812	1.000	1.231
193.238.156.184	193.238.156.51	0.670	0.721	2.066
193.238.156.223	193.238.156.52	1.000	1.000	1.000
193.238.159.37	193.238.156.52	1.000	1.000	1.000
78.41.113.23	193.238.156.54	1.000	1.000	1.000
78.41.113.26	193.238.156.54	1.000	1.000	1.000
193.238.156.39	193.238.156.54	1.000	1.000	1.000
193.238.156.202	193.238.156.54	1.000	1.000	1.000
193.238.158.27	193.238.156.54	1.000	1.000	1.000
193.238.159.39	193.238.156.54	1.000	1.000	1.000
193.238.159.48	193.238.156.54	1.000	1.000	1.000
193.238.159.69	193.238.156.54	1.000	1.000	1.000
193.238.159.83	193.238.156.54	1.000	1.000	1.000
78.41.112.60	193.238.156.55	1.000	1.000	1.000
78.41.113.188	193.238.156.55	1.000	1.000	1.000
193.238.156.184	193.238.156.55	1.000	1.000	1.000
193.238.158.27	193.238.156.55	1.000	1.000	1.000
193.238.158.29	193.238.156.55	1.000	1.000	1.000
193.238.158.72	193.238.156.55	1.000	1.000	1.000
193.238.158.248	193.238.156.55	1.000	1.000	1.000
78.41.112.111	193.238.156.60	0.815	0.757	1.619
193.238.156.234	193.238.156.60	0.874	0.510	2.242
193.238.158.164	193.238.156.60	1.000	1.000	1.000
193.238.159.35	193.238.156.60	0.372	0.611	4.387
193.238.156.6	193.238.156.61	0.921	0.709	1.528
193.238.159.218	193.238.156.61	1.000	1.000	1.000
78.41.112.146	193.238.156.62	1.000	1.000	1.000
193.238.156.133	193.238.156.63	0.897	0.788	1.412
78.41.113.100	193.238.156.66	1.000	1.000	1.000
78.41.112.222	193.238.156.68	1.000	1.000	1.000
78.41.113.71	193.238.156.68	1.000	0.646	1.545
193.238.156.49	193.238.156.68	0.396	0.360	6.997
193.238.159.169	193.238.156.68	0.991	0.784	1.284
78.41.112.120	193.238.156.73	0.211	0.646	7.298
78.41.112.249	193.238.156.73	0.584	0.674	2.537
193.238.158.250	193.238.156.73	0.769	0.964	1.348
193.238.159.143	193.238.156.73	0.748	0.878	1.520
193.238.156.46	193.238.156.74	1.000	1.000	1.000
193.238.158.89	193.238.156.74	1.000	0.105	9.444
193.238.156.10	193.238.156.75	0.991	1.000	1.008
193.238.159.17	193.238.156.75	0.995	1.000	1.004
193.238.159.180	193.238.156.75	0.976	1.000	1.023
78.41.113.250	193.238.156.76	0.979	1.000	1.020
78.41.112.120	193.238.156.82	0.878	0.646	1.759
78.41.112.228	193.238.156.82	1.000	1.000	1.000
78.41.112.247	193.238.156.82	1.000	1.000	1.000
193.238.158.220	193.238.156.82	1.000	1.000	1.000
193.238.159.222	193.238.156.82	1.000	1.000	1.000
193.238.159.100	193.238.156.85	1.000	1.000	1.000
78.41.112.131	193.238.156.90	1.000	1.000	1.000
78.41.113.35	193.238.156.90	1.000	1.000	1.000
78.41.113.214	193.238.156.90	1.000	1.000	1.000
193.238.158.169	193.238.156.90	1.000	1.000	1.000
78.41.112.10	193.238.156.97	1.000	1.000	1.000
78.41.113.139	193.238.156.97	0.878	0.991	1.146
193.238.156.11	193.238.156.97	0.776	0.913	1.409
193.238.159.68	193.238.156.97	0.497	0.925	2.169
193.238.156.127	193.238.156.101	1.000	1.000	1.000
193.238.156.121	193.238.156.109	0.627	0.678	2.349
193.238.156.159	193.238.156.109	0.557	0.686	2.616
193.238.156.199	193.238.156.109	0.545	0.693	2.643
193.238.156.245	193.238.156.109	0.259	0.372	10.370
193.238.157.136	193.238.156.109	0.674	0.890	1.665
193.238.159.100	193.238.156.115	1.000	1.000	1.000
78.41.113.214	193.238.156.120	1.000	1.000	1.000
193.238.156.194	193.238.156.120	1.000	1.000	1.000
193.238.156.199	193.238.156.120	1.000	1.000	1.000
193.238.158.32	193.238.156.120	1.000	1.000	1.000
193.238.156.109	193.238.156.121	0.678	0.643	2.291
193.238.158.71	193.238.156.121	0.956	0.917	1.139
193.238.156.101	193.238.156.127	1.000	1.000	1.000
193.238.159.83	193.238.156.127	0.964	0.732	1.413
78.41.113.22	193.238.156.133	1.000	1.000	1.000
78.41.113.71	193.238.156.133	1.000	1.000	1.000
193.238.156.63	193.238.156.133	0.788	0.897	1.412
193.238.156.249	193.238.156.133	1.000	1.000	1.000
78.41.113.77	193.238.156.135	1.000	1.000	1.000
193.238.159.61	193.238.156.136	1.000	1.000	1.000
78.41.112.66	193.238.156.139	0.497	1.000	2.008
193.238.159.81	193.238.156.139	0.497	1.000	2.008
193.238.159.137	193.238.156.139	0.497	1.000	2.008
193.238.159.227	193.238.156.139	0.497	0.191	10.448
193.238.156.237	193.238.156.141	0.493	1.000	2.023
193.238.159.69	193.238.156.141	0.493	1.000	2.023
193.238.159.164	193.238.156.141	0.493	1.000	2.023
78.41.112.131	193.238.156.144	1.000	1.000	1.000
193.238.156.31	193.238.156.144	1.000	0.396	2.524
78.41.112.222	193.238.156.149	0.098	1.000	10.199
78.41.113.98	193.238.156.149	1.000	1.000	1.000
193.238.156.22	193.238.156.149	1.000	1.000	1.000
193.238.156.49	193.238.156.149	1.000	1.000	1.000
193.238.156.191	193.238.156.149	1.000	1.000	1.000
193.238.159.169	193.238.156.149	1.000	1.000	1.000
78.41.113.219	193.238.156.151	1.000	1.000	1.000
78.41.112.20	193.238.156.152	0.839	0.725	1.642
78.41.113.42	193.238.156.152	1.000	1.000	1.000
193.238.158.15	193.238.156.152	0.662	0.976	1.545
193.238.159.44	193.238.156.152	1.000	1.000	1.000
193.238.159.46	193.238.156.152	1.000	1.000	1.000
193.238.159.206	193.238.156.152	0.792	0.956	1.318
193.238.159.61	193.238.156.158	0.619	0.788	2.047
193.238.156.109	193.238.156.159	0.697	0.541	2.646
193.238.156.161	193.238.156.159	1.000	1.000	1.000
193.238.156.163	193.238.156.159	1.000	1.000	1.000
193.238.156.173	193.238.156.159	0.631	0.769	2.061
193.238.156.159	193.238.156.161	1.000	1.000	1.000
193.238.156.163	193.238.156.161	1.000	1.000	1.000
193.238.158.29	193.238.156.161	0.784	0.780	1.634
78.41.113.219	193.238.156.163	0.631	0.800	1.979
193.238.156.159	193.238.156.163	1.000	1.000	1.000
193.238.156.161	193.238.156.163	1.000	1.000	1.000
193.238.156.253	193.238.156.163	0.133	0.541	13.858
193.238.158.70	193.238.156.163	0.576	0.650	2.664
78.41.112.195	193.238.156.166	1.000	1.000	1.000
78.41.113.135	193.238.156.166	1.000	1.000	1.000
193.238.158.237	193.238.156.166	1.000	1.000	1.000
193.238.158.240	193.238.156.166	1.000	1.000	1.000
193.238.159.113	193.238.156.166	1.000	1.000	1.000
193.238.159.252	193.238.156.166	1.000	1.000	1.000
193.238.156.173	193.238.156.171	1.000	1.000	1.000
78.41.113.219	193.238.156.172	0.553	0.600	3.014
193.238.156.200	193.238.156.172	0.549	0.721	2.523
193.238.157.130	193.238.156.172	1.000	1.000	1.000
193.238.158.66	193.238.156.172	0.627	0.576	2.765
193.238.158.219	193.238.156.172	1.000	1.000	1.000
193.238.159.26	193.238.156.172	0.541	0.784	2.355
193.238.156.159	193.238.156.173	0.769	0.631	2.061
193.238.156.171	193.238.156.173	1.000	1.000	1.000
193.238.156.193	193.238.156.176	1.000	1.000	1.000
193.238.159.29	193.238.156.183	1.000	1.000	1.000
193.238.159.80	193.238.156.183	1.000	1.000	1.000
193.238.159.138	193.238.156.183	0.870	1.000	1.148
78.41.112.60	193.238.156.184	1.000	1.000	1.000
78.41.113.71	193.238.156.184	1.000	0.643	1.555
78.41.113.104	193.238.156.184	1.000	1.000	1.000
78.41.113.188	193.238.156.184	1.000	1.000	1.000
193.238.156.3	193.238.156.184	0.564	1.000	1.771
193.238.156.51	193.238.156.184	0.693	0.670	2.147
193.238.156.55	193.238.156.184	1.000	1.000	1.000
193.238.156.204	193.238.156.184	1.000	1.000	1.000
193.238.156.248	193.238.156.184	1.000	1.000	1.000
193.238.158.27	193.238.156.184	1.000	1.000	1.000
193.238.158.29	193.238.156.184	1.000	1.000	1.000
193.238.158.72	193.238.156.184	1.000	1.000	1.000
193.238.158.248	193.238.156.184	1.000	1.000	1.000
193.238.156.253	193.238.156.189	0.987	0.568	1.779
193.238.158.225	193.238.156.189	0.776	1.000	1.287
78.41.112.222	193.238.156.191	0.098	1.000	10.199
78.41.113.98	193.238.156.191	1.000	1.000	1.000
193.238.156.22	193.238.156.191	1.000	1.000	1.000
193.238.156.49	193.238.156.191	1.000	1.000	1.000
193.238.156.149	193.238.156.191	1.000	1.000	1.000
193.238.159.169	193.238.156.191	1.000	1.000	1.000
193.238.156.49	193.238.156.192	0.952	0.514	2.042
193.238.159.169	193.238.156.192	0.976	0.729	1.403
193.238.156.176	193.238.156.193	1.000	1.000	1.000
193.238.159.25	193.238.156.193	0.983	1.000	1.016
193.238.156.120	193.238.156.194	1.000	1.000	1.000
193.238.156.199	193.238.156.194	1.000	1.000	1.000
193.238.157.167	193.238.156.194	0.960	0.862	1.206
78.41.112.254	193.238.156.199	0.776	1.000	1.287
193.238.156.109	193.238.156.199	0.689	0.525	2.757
193.238.156.120	193.238.156.199	1.000	1.000	1.000
193.238.156.194	193.238.156.199	1.000	1.000	1.000
193.238.156.245	193.238.156.199	0.717	0.854	1.630
193.238.156.172	193.238.156.200	0.788	0.549	2.311
193.238.158.217	193.238.156.200	0.725	0.874	1.576
193.238.159.101	193.238.156.200	1.000	1.000	1.000
193.238.159.175	193.238.156.200	0.761	0.392	3.352
193.238.159.240	193.238.156.200	1.000	1.000	1.000
78.41.113.23	193.238.156.202	1.000	1.000	1.000
78.41.113.24	193.238.156.202	0.772	0.874	1.479
78.41.113.26	193.238.156.202	1.000	1.000	1.000
193.238.156.39	193.238.156.202	1.000	1.000	1.000
193.238.156.54	193.238.156.202	1.000	1.000	1.000
193.238.158.27	193.238.156.202	1.000	1.000	1.000
193.238.159.39	193.238.156.202	1.000	1.000	1.000
193.238.159.48	193.238.156.202	1.000	1.000	1.000
193.238.159.69	193.238.156.202	1.000	1.000	1.000
193.238.159.80	193.238.156.202	0.761	0.952	1.379
193.238.159.83	193.238.156.202	1.000	1.000	1.000
78.41.113.77	193.238.156.204	0.851	1.000	1.175
193.238.156.184	193.238.156.204	1.000	1.000	1.000
193.238.158.230	193.238.156.208	1.000	1.000	1.000
78.41.112.171	193.238.156.213	1.000	1.000	1.000
193.238.158.95	193.238.156.213	1.000	1.000	1.000
193.238.156.52	193.238.156.223	1.000	1.000	1.000
193.238.158.72	193.238.156.223	0.917	0.976	1.115
193.238.159.37	193.238.156.223	1.000	1.000	1.000
193.238.157.153	193.238.156.224	0.843	0.925	1.281
193.238.158.3	193.238.156.224	0.827	0.913	1.322
193.238.158.11	193.238.156.224	0.784	0.909	1.401
78.41.112.12	193.238.156.225	1.000	1.000	1.000
78.41.113.77	193.238.156.225	1.000	1.000	1.000
78.41.113.228	193.238.156.225	1.000	1.000	1.000
193.238.156.35	193.238.156.225	1.000	1.000	1.000
193.238.158.90	193.238.156.225	1.000	1.000	1.000
193.238.158.188	193.238.156.225	1.000	1.000	1.000
193.238.159.25	193.238.156.225	1.000	1.000	1.000
193.238.159.54	193.238.156.225	1.000	1.000	1.000
193.238.156.10	193.238.156.226	0.882	0.423	2.676
193.238.156.227	193.238.156.226	1.000	1.000	1.000
193.238.158.136	193.238.156.226	1.000	1.000	1.000
193.238.159.12	193.238.156.226	1.000	1.000	1.000
78.41.112.201	193.238.156.227	0.576	1.000	1.734
78.41.113.228	193.238.156.227	1.000	0.195	5.100
193.238.156.226	193.238.156.227	1.000	1.000	1.000
193.238.158.136	193.238.156.227	1.000	1.000	1.000
193.238.159.12	193.238.156.227	1.000	1.000	1.000
78.41.112.68	193.238.156.228	1.000	1.000	1.000
78.41.112.69	193.238.156.234	0.415	0.812	2.963
78.41.112.111	193.238.156.234	0.611	0.796	2.053
193.238.156.60	193.238.156.234	0.549	0.925	1.968
193.238.158.166	193.238.156.234	1.000	1.000	1.000
193.238.159.35	193.238.156.234	0.356	0.784	3.572
193.238.159.61	193.238.156.234	1.000	1.000	1.000
193.238.159.181	193.238.156.234	0.360	0.897	3.086
78.41.112.223	193.238.156.237	1.000	0.796	1.256
193.238.156.141	193.238.156.237	1.000	0.493	2.023
193.238.159.69	193.238.156.237	1.000	1.000	1.000
193.238.159.164	193.238.156.237	1.000	1.000	1.000
193.238.156.49	193.238.156.243	0.808	0.736	1.679
193.238.158.70	193.238.156.243	0.686	0.230	6.297
193.238.156.22	193.238.156.245	0.757	0.780	1.692
193.238.156.109	193.238.156.245	0.372	0.223	12.008
193.238.156.199	193.238.156.245	0.854	0.744	1.569
193.238.157.136	193.238.156.245	0.843	0.854	1.387
78.41.112.49	193.238.156.247	1.000	1.000	1.000
78.41.112.50	193.238.156.247	1.000	1.000	1.000
193.238.159.59	193.238.156.247	1.000	1.000	1.000
193.238.156.184	193.238.156.248	1.000	1.000	1.000
193.238.158.248	193.238.156.248	1.000	1.000	1.000
78.41.113.233	193.238.156.249	0.729	0.929	1.475
193.238.156.133	193.238.156.249	1.000	1.000	1.000
193.238.158.178	193.238.156.249	0.561	0.839	2.124
193.238.159.100	193.238.156.251	1.000	1.000	1.000
78.41.112.194	193.238.156.253	0.485	0.917	2.240
78.41.112.225	193.238.156.253	0.286	0.905	3.855
78.41.113.22	193.238.156.253	0.454	0.227	9.664
78.41.113.98	193.238.156.253	1.000	1.000	1.000
193.238.156.163	193.238.156.253	0.485	0.113	18.082
193.238.156.189	193.238.156.253	0.518	0.987	1.954
193.238.158.225	193.238.156.253	0.788	0.976	1.299
193.238.158.245	193.238.156.253	0.576	0.819	2.116
193.238.156.172	193.238.157.130	1.000	1.000	1.000
193.238.158.219	193.238.157.130	1.000	1.000	1.000
193.238.159.174	193.238.157.132	1.000	1.000	1.000
193.238.156.109	193.238.157.136	0.890	0.769	1.461
193.238.156.245	193.238.157.136	0.854	0.843	1.387
193.238.156.224	193.238.157.153	0.944	0.901	1.173
193.238.158.3	193.238.157.153	0.815	0.882	1.389
193.238.158.11	193.238.157.153	0.772	0.788	1.642
193.238.156.194	193.238.157.167	0.866	0.960	1.200
193.238.157.207	193.238.157.167	0.310	0.753	4.286
193.238.158.3	193.238.157.167	0.772	0.808	1.602
193.238.159.51	193.238.157.167	1.000	1.000	1.000
193.238.158.71	193.238.157.206	1.000	1.000	1.000
193.238.159.100	193.238.157.206	1.000	1.000	1.000
78.41.112.18	193.238.157.207	1.000	1.000	1.000
78.41.112.203	193.238.157.207	0.485	0.987	2.080
78.41.113.197	193.238.157.207	0.545	0.769	2.387
193.238.157.167	193.238.157.207	0.732	0.356	3.820
193.238.159.225	193.238.157.207	0.643	0.627	2.478
193.238.156.32	193.238.158.2	1.000	1.000	1.000
193.238.159.178	193.238.158.2	1.000	1.000	1.000
193.238.156.224	193.238.158.3	0.882	0.827	1.369
193.238.157.153	193.238.158.3	0.804	0.815	1.524
193.238.157.167	193.238.158.3	0.780	0.780	1.642
193.238.158.11	193.238.158.3	0.164	0.839	7.234
193.238.156.224	193.238.158.11	0.839	0.784	1.519
193.238.157.153	193.238.158.11	0.827	0.772	1.563
193.238.158.3	193.238.158.11	0.831	0.145	8.289
193.238.156.152	193.238.158.15	0.976	0.639	1.602
78.41.112.92	193.238.158.26	1.000	1.000	1.000
78.41.112.99	193.238.158.26	1.000	1.000	1.000
193.238.158.169	193.238.158.26	1.000	1.000	1.000
193.238.159.232	193.238.158.26	1.000	1.000	1.000
78.41.112.60	193.238.158.27	1.000	1.000	1.000
78.41.113.23	193.238.158.27	1.000	1.000	1.000
78.41.113.26	193.238.158.27	1.000	1.000	1.000
78.41.113.188	193.238.158.27	1.000	1.000	1.000
193.238.156.39	193.238.158.27	1.000	1.000	1.000
193.238.156.54	193.238.158.27	1.000	1.000	1.000
193.238.156.55	193.238.158.27	1.000	1.000	1.000
193.238.156.184	193.238.158.27	1.000	1.000	1.000
193.238.156.202	193.238.158.27	1.000	1.000	1.000
193.238.158.29	193.238.158.27	1.000	1.000	1.000
193.238.158.72	193.238.158.27	1.000	1.000	1.000
193.238.158.248	193.238.158.27	1.000	1.000	1.000
193.238.159.39	193.238.158.27	1.000	1.000	1.000
193.238.159.48	193.238.158.27	1.000	1.000	1.000
193.238.159.69	193.238.158.27	1.000	1.000	1.000
193.238.159.83	193.238.158.27	1.000	1.000	1.000
193.238.159.160	193.238.158.27	1.000	1.000	1.000
78.41.113.159	193.238.158.28	1.000	1.000	1.000
193.238.158.250	193.238.158.28	1.000	1.000	1.000
78.41.112.60	193.238.158.29	1.000	1.000	1.000
78.41.113.188	193.238.158.29	1.000	1.000	1.000
193.238.156.55	193.238.158.29	1.000	1.000	1.000
193.238.156.161	193.238.158.29	0.780	0.717	1.785
193.238.156.184	193.238.158.29	1.000	1.000	1.000
193.238.158.27	193.238.158.29	1.000	1.000	1.000
193.238.158.72	193.238.158.29	1.000	1.000	1.000
193.238.158.248	193.238.158.29	1.000	1.000	1.000
78.41.113.214	193.238.158.32	1.000	1.000	1.000
193.238.156.120	193.238.158.32	1.000	1.000	1.000
193.238.158.188	193.238.158.41	1.000	1.000	1.000
193.238.159.167	193.238.158.41	1.000	1.000	1.000
78.41.112.213	193.238.158.53	1.000	1.000	1.000
193.238.158.186	193.238.158.53	1.000	1.000	1.000
193.238.159.246	193.238.158.53	1.000	1.000	1.000
193.238.159.100	193.238.158.57	0.098	1.000	10.199
193.238.158.173	193.238.158.60	1.000	1.000	1.000
193.238.158.235	193.238.158.60	1.000	1.000	1.000
193.238.159.219	193.238.158.60	1.000	1.000	1.000
193.238.159.238	193.238.158.60	1.000	1.000	1.000
193.238.156.172	193.238.158.66	0.592	0.643	2.625
193.238.158.217	193.238.158.66	0.329	0.497	6.095
193.238.159.26	193.238.158.66	0.596	0.890	1.884
193.238.159.175	193.238.158.66	0.686	0.804	1.813
193.238.159.181	193.238.158.66	0.572	0.897	1.944
78.41.112.131	193.238.158.70	0.654	0.627	2.433
193.238.156.163	193.238.158.70	0.650	0.564	2.720
193.238.156.243	193.238.158.70	0.223	0.627	7.130
193.238.158.134	193.238.158.70	0.713	0.732	1.910
193.238.156.121	193.238.158.71	0.843	0.956	1.239
193.238.157.206	193.238.158.71	1.000	1.000	1.000
78.41.112.60	193.238.158.72	1.000	1.000	1.000
78.41.113.144	193.238.158.72	0.929	0.983	1.093
78.41.113.188	193.238.158.72	1.000	1.000	1.000
193.238.156.55	193.238.158.72	1.000	1.000	1.000
193.238.156.184	193.238.158.72	1.000	1.000	1.000
193.238.156.223	193.238.158.72	0.976	0.937	1.092
193.238.158.27	193.238.158.72	1.000	1.000	1.000
193.238.158.29	193.238.158.72	1.000	1.000	1.000
193.238.158.248	193.238.158.72	1.000	1.000	1.000
193.238.158.152	193.238.158.76	1.000	1.000	1.000
78.41.112.126	193.238.158.86	1.000	1.000	1.000
78.41.113.90	193.238.158.86	1.000	1.000	1.000
78.41.113.124	193.238.158.86	1.000	1.000	1.000
78.41.113.137	193.238.158.86	1.000	1.000	1.000
78.41.113.250	193.238.158.86	1.000	1.000	1.000
193.238.159.100	193.238.158.86	1.000	1.000	1.000
78.41.112.244	193.238.158.89	0.674	0.800	1.853
193.238.156.46	193.238.158.89	1.000	1.000	1.000
193.238.156.74	193.238.158.89	0.105	1.000	9.444
193.238.158.249	193.238.158.89	0.553	0.686	2.635
78.41.112.12	193.238.158.90	1.000	1.000	1.000
78.41.113.77	193.238.158.90	1.000	1.000	1.000
78.41.113.228	193.238.158.90	1.000	1.000	1.000
193.238.156.35	193.238.158.90	1.000	1.000	1.000
193.238.156.225	193.238.158.90	1.000	1.000	1.000
193.238.158.188	193.238.158.90	1.000	1.000	1.000
193.238.159.25	193.238.158.90	1.000	1.000	1.000
193.238.159.42	193.238.158.90	1.000	1.000	1.000
193.238.159.54	193.238.158.90	1.000	1.000	1.000
78.41.112.76	193.238.158.91	1.000	1.000	1.000
78.41.112.122	193.238.158.91	1.000	1.000	1.000
78.41.112.169	193.238.158.91	1.000	1.000	1.000
193.238.158.119	193.238.158.91	1.000	1.000	1.000
78.41.112.171	193.238.158.95	1.000	1.000	1.000
193.238.156.213	193.238.158.95	1.000	1.000	1.000
193.238.159.240	193.238.158.99	0.874	0.732	1.559
78.41.113.233	193.238.158.109	0.937	0.894	1.192
193.238.156.10	193.238.158.118	1.000	1.000	1.000
193.238.156.11	193.238.158.118	1.000	1.000	1.000
193.238.159.40	193.238.158.118	0.925	0.929	1.162
78.41.112.76	193.238.158.119	1.000	1.000	1.000
78.41.112.169	193.238.158.119	1.000	1.000	1.000
193.238.158.91	193.238.158.119	1.000	1.000	1.000
193.238.158.148	193.238.158.121	0.819	0.732	1.663
193.238.159.100	193.238.158.128	1.000	1.000	1.000
78.41.112.100	193.238.158.134	0.812	0.917	1.342
193.238.158.70	193.238.158.134	0.658	0.686	2.211
193.238.159.34	193.238.158.134	0.732	0.878	1.552
193.238.156.226	193.238.158.136	1.000	1.000	1.000
193.238.156.227	193.238.158.136	1.000	1.000	1.000
193.238.159.12	193.238.158.136	1.000	1.000	1.000
78.41.112.93	193.238.158.141	0.983	0.831	1.222
78.41.113.21	193.238.158.148	0.831	0.689	1.742
78.41.113.25	193.238.158.148	0.627	1.000	1.594
193.238.156.14	193.238.158.148	1.000	0.925	1.080
193.238.158.121	193.238.158.148	0.753	0.819	1.620
193.238.158.230	193.238.158.148	1.000	1.000	1.000
193.238.158.241	193.238.158.148	1.000	1.000	1.000
193.238.159.61	193.238.158.148	1.000	1.000	1.000
193.238.159.139	193.238.158.150	0.823	0.705	1.720
193.238.159.175	193.238.158.150	1.000	1.000	1.000
193.238.158.76	193.238.158.152	1.000	1.000	1.000
193.238.159.48	193.238.158.152	1.000	0.890	1.123
193.238.156.60	193.238.158.164	1.000	1.000	1.000
193.238.156.234	193.238.158.166	1.000	1.000	1.000
193.238.159.14	193.238.158.166	0.823	0.886	1.369
193.238.159.61	193.238.158.166	1.000	1.000	1.000
193.238.159.228	193.238.158.166	0.944	0.976	1.083
78.41.112.69	193.238.158.167	0.933	0.894	1.198
78.41.112.92	193.238.158.169	1.000	1.000	1.000
78.41.112.99	193.238.158.169	1.000	1.000	1.000
78.41.112.131	193.238.158.169	1.000	1.000	1.000
78.41.113.35	193.238.158.169	1.000	1.000	1.000
78.41.113.214	193.238.158.169	1.000	1.000	1.000
193.238.156.90	193.238.158.169	1.000	1.000	1.000
193.238.158.26	193.238.158.169	1.000	1.000	1.000
193.238.159.232	193.238.158.169	1.000	1.000	1.000
193.238.158.60	193.238.158.173	1.000	1.000	1.000
193.238.158.234	193.238.158.173	0.481	0.392	5.286
193.238.159.101	193.238.158.173	0.732	0.678	2.010
193.238.159.219	193.238.158.173	1.000	1.000	1.000
193.238.159.238	193.238.158.173	1.000	1.000	1.000
193.238.156.249	193.238.158.178	0.839	0.623	1.910
78.41.113.124	193.238.158.181	0.976	0.812	1.261
78.41.112.213	193.238.158.186	1.000	1.000	1.000
193.238.158.53	193.238.158.186	1.000	1.000	1.000
193.238.159.246	193.238.158.186	1.000	1.000	1.000
78.41.112.12	193.238.158.188	1.000	1.000	1.000
78.41.112.224	193.238.158.188	1.000	1.000	1.000
78.41.113.77	193.238.158.188	1.000	1.000	1.000
78.41.113.228	193.238.158.188	1.000	1.000	1.000
193.238.156.35	193.238.158.188	1.000	1.000	1.000
193.238.156.225	193.238.158.188	1.000	1.000	1.000
193.238.158.41	193.238.158.188	1.000	1.000	1.000
193.238.158.90	193.238.158.188	1.000	1.000	1.000
193.238.159.25	193.238.158.188	1.000	1.000	1.000
193.238.159.54	193.238.158.188	1.000	1.000	1.000
78.41.112.126	193.238.158.195	0.983	0.843	1.204
193.238.158.238	193.238.158.195	1.000	1.000	1.000
78.41.112.156	193.238.158.200	1.000	1.000	1.000
78.41.112.220	193.238.158.200	1.000	1.000	1.000
78.41.112.107	193.238.158.202	1.000	1.000	1.000
193.238.156.200	193.238.158.217	0.874	0.757	1.511
193.238.158.66	193.238.158.217	0.497	0.313	6.399
193.238.159.30	193.238.158.217	0.678	0.827	1.781
193.238.159.175	193.238.158.217	0.674	0.533	2.779
193.238.156.172	193.238.158.219	1.000	1.000	1.000
193.238.157.130	193.238.158.219	1.000	1.000	1.000
193.238.159.240	193.238.158.219	0.835	0.600	1.995
78.41.112.228	193.238.158.220	1.000	1.000	1.000
78.41.112.247	193.238.158.220	1.000	1.000	1.000
193.238.156.82	193.238.158.220	1.000	1.000	1.000
193.238.159.222	193.238.158.220	1.000	1.000	1.000
193.238.158.235	193.238.158.222	1.000	1.000	1.000
193.238.156.189	193.238.158.225	1.000	0.804	1.243
193.238.156.253	193.238.158.225	0.976	0.788	1.299
78.41.112.68	193.238.158.230	1.000	1.000	1.000
193.238.156.208	193.238.158.230	1.000	1.000	1.000
193.238.158.148	193.238.158.230	1.000	1.000	1.000
193.238.158.241	193.238.158.230	1.000	1.000	1.000
193.238.159.61	193.238.158.230	0.298	1.000	3.354
193.238.159.240	193.238.158.232	0.901	0.721	1.536
193.238.158.173	193.238.158.234	0.435	0.392	5.857
193.238.158.60	193.238.158.235	1.000	1.000	1.000
193.238.158.222	193.238.158.235	1.000	1.000	1.000
78.41.112.76	193.238.158.237	0.533	1.000	1.875
78.41.112.195	193.238.158.237	1.000	1.000	1.000
78.41.113.135	193.238.158.237	1.000	1.000	1.000
193.238.156.166	193.238.158.237	1.000	1.000	1.000
193.238.158.240	193.238.158.237	1.000	1.000	1.000
193.238.159.113	193.238.158.237	1.000	1.000	1.000
193.238.159.131	193.238.158.237	0.643	0.964	1.611
193.238.159.252	193.238.158.237	1.000	1.000	1.000
193.238.158.195	193.238.158.238	1.000	1.000	1.000
78.41.112.195	193.238.158.240	1.000	1.000	1.000
78.41.113.135	193.238.158.240	1.000	1.000	1.000
193.238.156.166	193.238.158.240	1.000	1.000	1.000
193.238.158.237	193.238.158.240	1.000	1.000	1.000
193.238.159.113	193.238.158.240	1.000	1.000	1.000
193.238.159.252	193.238.158.240	1.000	1.000	1.000
78.41.112.146	193.238.158.241	0.792	0.933	1.353
78.41.112.225	193.238.158.241	0.588	0.976	1.740
193.238.158.148	193.238.158.241	1.000	1.000	1.000
193.238.158.230	193.238.158.241	1.000	1.000	1.000
193.238.159.46	193.238.158.241	0.364	0.972	2.818
193.238.159.61	193.238.158.241	0.796	0.497	2.521
193.238.159.169	193.238.158.243	0.874	0.705	1.619
78.41.112.120	193.238.158.244	0.341	0.521	5.619
78.41.112.124	193.238.158.244	1.000	1.000	1.000
78.41.112.249	193.238.158.244	0.219	0.686	6.635
78.41.113.167	193.238.158.244	0.403	0.862	2.869
193.238.156.3	193.238.158.244	1.000	1.000	1.000
193.238.156.6	193.238.158.244	0.388	0.991	2.596
193.238.156.253	193.238.158.245	0.815	0.584	2.098
78.41.112.60	193.238.158.248	1.000	1.000	1.000
78.41.113.188	193.238.158.248	1.000	1.000	1.000
78.41.113.214	193.238.158.248	1.000	1.000	1.000
193.238.156.55	193.238.158.248	1.000	1.000	1.000
193.238.156.184	193.238.158.248	1.000	1.000	1.000
193.238.156.248	193.238.158.248	1.000	1.000	1.000
193.238.158.27	193.238.158.248	1.000	1.000	1.000
193.238.158.29	193.238.158.248	1.000	1.000	1.000
193.238.158.72	193.238.158.248	1.000	1.000	1.000
193.238.159.61	193.238.158.248	0.897	1.000	1.113
78.41.112.244	193.238.158.249	0.847	0.909	1.297
193.238.158.89	193.238.158.249	0.697	0.553	2.591
193.238.159.107	193.238.158.249	1.000	1.000	1.000
78.41.112.249	193.238.158.250	0.854	0.757	1.545
78.41.113.159	193.238.158.250	1.000	1.000	1.000
193.238.156.73	193.238.158.250	0.964	0.757	1.369
193.238.158.28	193.238.158.250	1.000	1.000	1.000
78.41.112.132	193.238.158.254	1.000	1.000	1.000
193.238.159.25	193.238.158.254	1.000	0.944	1.058
193.238.159.103	193.238.158.254	1.000	1.000	1.000
78.41.112.222	193.238.159.5	1.000	1.000	1.000
193.238.159.100	193.238.159.6	0.948	1.000	1.054
78.41.112.72	193.238.159.8	1.000	1.000	1.000
78.41.113.241	193.238.159.8	1.000	1.000	1.000
193.238.159.13	193.238.159.8	1.000	1.000	1.000
193.238.156.226	193.238.159.12	1.000	1.000	1.000
193.238.156.227	193.238.159.12	1.000	1.000	1.000
193.238.158.136	193.238.159.12	1.000	1.000	1.000
78.41.112.72	193.238.159.13	1.000	1.000	1.000
78.41.113.241	193.238.159.13	1.000	1.000	1.000
193.238.159.8	193.238.159.13	1.000	1.000	1.000
193.238.158.166	193.238.159.14	0.886	0.882	1.278
193.238.159.139	193.238.159.14	1.000	1.000	1.000
193.238.156.10	193.238.159.17	1.000	0.901	1.108
193.238.156.75	193.238.159.17	1.000	1.000	1.000
193.238.159.180	193.238.159.17	0.956	1.000	1.045
193.238.159.241	193.238.159.21	0.921	0.721	1.503
78.41.112.12	193.238.159.25	1.000	1.000	1.000
78.41.112.120	193.238.159.25	1.000	1.000	1.000
78.41.113.77	193.238.159.25	1.000	1.000	1.000
78.41.113.196	193.238.159.25	1.000	1.000	1.000
78.41.113.228	193.238.159.25	1.000	1.000	1.000
193.238.156.13	193.238.159.25	1.000	1.000	1.000
193.238.156.35	193.238.159.25	1.000	1.000	1.000
193.238.156.193	193.238.159.25	1.000	1.000	1.000
193.238.156.225	193.238.159.25	1.000	1.000	1.000
193.238.158.90	193.238.159.25	1.000	1.000	1.000
193.238.158.188	193.238.159.25	1.000	1.000	1.000
193.238.158.254	193.238.159.25	0.937	1.000	1.066
193.238.159.54	193.238.159.25	1.000	1.000	1.000
193.238.159.227	193.238.159.25	0.808	0.995	1.242
193.238.156.172	193.238.159.26	0.780	0.576	2.223
193.238.158.66	193.238.159.26	0.890	0.564	1.989
193.238.159.175	193.238.159.26	0.812	0.631	1.950
78.41.112.93	193.238.159.29	1.000	0.776	1.287
193.238.156.183	193.238.159.29	1.000	1.000	1.000
193.238.159.80	193.238.159.29	1.000	1.000	1.000
193.238.158.217	193.238.159.30	0.878	0.666	1.707
193.238.159.126	193.238.159.30	0.937	1.000	1.066
193.238.159.175	193.238.159.30	0.901	0.701	1.579
193.238.158.134	193.238.159.34	0.878	0.725	1.568
193.238.159.254	193.238.159.34	0.851	0.960	1.223
78.41.112.111	193.238.159.35	0.748	0.796	1.677
193.238.156.60	193.238.159.35	0.611	0.368	4.434
193.238.156.234	193.238.159.35	0.765	0.341	3.832
78.41.113.250	193.238.159.36	1.000	1.000	1.000
193.238.156.52	193.238.159.37	1.000	1.000	1.000
193.238.156.223	193.238.159.37	1.000	1.000	1.000
78.41.112.93	193.238.159.39	1.000	1.000	1.000
78.41.112.168	193.238.159.39	1.000	1.000	1.000
78.41.113.23	193.238.159.39	1.000	1.000	1.000
78.41.113.26	193.238.159.39	1.000	1.000	1.000
193.238.156.39	193.238.159.39	1.000	1.000	1.000
193.238.156.54	193.238.159.39	1.000	1.000	1.000
193.238.156.202	193.238.159.39	1.000	1.000	1.000
193.238.158.27	193.238.159.39	1.000	1.000	1.000
193.238.159.48	193.238.159.39	1.000	1.000	1.000
193.238.159.69	193.238.159.39	1.000	1.000	1.000
193.238.159.83	193.238.159.39	1.000	1.000	1.000
193.238.156.11	193.238.159.40	0.894	0.156	7.130
193.238.156.40	193.238.159.40	1.000	1.000	1.000
193.238.158.118	193.238.159.40	0.968	0.925	1.115
193.238.158.90	193.238.159.42	1.000	1.000	1.000
78.41.113.42	193.238.159.44	1.000	1.000	1.000
193.238.156.152	193.238.159.44	1.000	1.000	1.000
193.238.159.46	193.238.159.44	1.000	1.000	1.000
193.238.159.61	193.238.159.44	1.000	1.000	1.000
193.238.159.246	193.238.159.44	0.725	0.925	1.489
78.41.113.42	193.238.159.46	1.000	1.000	1.000
193.238.156.152	193.238.159.46	1.000	1.000	1.000
193.238.158.241	193.238.159.46	0.972	0.368	2.789
193.238.159.44	193.238.159.46	1.000	1.000	1.000
78.41.113.23	193.238.159.48	1.000	1.000	1.000
78.41.113.26	193.238.159.48	1.000	1.000	1.000
193.238.156.39	193.238.159.48	1.000	1.000	1.000
193.238.156.54	193.238.159.48	1.000	1.000	1.000
193.238.156.202	193.238.159.48	1.000	1.000	1.000
193.238.158.27	193.238.159.48	1.000	1.000	1.000
193.238.158.152	193.238.159.48	0.894	1.000	1.118
193.238.159.39	193.238.159.48	1.000	1.000	1.000
193.238.159.69	193.238.159.48	1.000	1.000	1.000
193.238.159.83	193.238.159.48	1.000	1.000	1.000
78.41.112.93	193.238.159.50	1.000	1.000	1.000
193.238.157.167	193.238.159.51	1.000	1.000	1.000
78.41.112.12	193.238.159.54	1.000	1.000	1.000
78.41.112.86	193.238.159.54	1.000	1.000	1.000
78.41.113.77	193.238.159.54	1.000	1.000	1.000
78.41.113.228	193.238.159.54	1.000	1.000	1.000
193.238.156.35	193.238.159.54	1.000	1.000	1.000
193.238.156.43	193.238.159.54	1.000	1.000	1.000
193.238.156.225	193.238.159.54	1.000	1.000	1.000
193.238.158.90	193.238.159.54	1.000	1.000	1.000
193.238.158.188	193.238.159.54	1.000	1.000	1.000
193.238.159.25	193.238.159.54	1.000	1.000	1.000
193.238.159.178	193.238.159.54	0.396	1.000	2.524
193.238.159.242	193.238.159.54	1.000	1.000	1.000
78.41.112.49	193.238.159.59	1.000	1.000	1.000
78.41.112.50	193.238.159.59	1.000	1.000	1.000
193.238.156.247	193.238.159.59	1.000	1.000	1.000
78.41.112.7	193.238.159.61	0.827	0.948	1.273
78.41.112.59	193.238.159.61	0.788	1.000	1.269
78.41.112.173	193.238.159.61	0.506	0.948	2.082
78.41.112.177	193.238.159.61	1.000	1.000	1.000
78.41.112.178	193.238.159.61	0.800	0.964	1.295
78.41.113.214	193.238.159.61	1.000	0.972	1.027
193.238.156.136	193.238.159.61	1.000	1.000	1.000
193.238.156.158	193.238.159.61	0.831	0.619	1.940
193.238.156.234	193.238.159.61	1.000	1.000	1.000
193.238.158.148	193.238.159.61	1.000	1.000	1.000
193.238.158.166	193.238.159.61	1.000	1.000	1.000
193.238.158.230	193.238.159.61	1.000	0.298	3.354
193.238.158.241	193.238.159.61	0.497	0.796	2.521
193.238.158.248	193.238.159.61	1.000	0.897	1.113
193.238.159.44	193.238.159.61	1.000	1.000	1.000
193.238.159.120	193.238.159.61	1.000	1.000	1.000
193.238.159.174	193.238.159.61	0.658	0.983	1.542
193.238.156.97	193.238.159.68	0.925	0.438	2.460
78.41.113.23	193.238.159.69	1.000	1.000	1.000
78.41.113.26	193.238.159.69	1.000	1.000	1.000
193.238.156.39	193.238.159.69	1.000	0.897	1.113
193.238.156.54	193.238.159.69	1.000	1.000	1.000
193.238.156.141	193.238.159.69	0.972	0.493	2.080
193.238.156.202	193.238.159.69	1.000	1.000	1.000
193.238.156.237	193.238.159.69	1.000	1.000	1.000
193.238.158.27	193.238.159.69	1.000	1.000	1.000
193.238.159.39	193.238.159.69	1.000	1.000	1.000
193.238.159.48	193.238.159.69	1.000	1.000	1.000
193.238.159.83	193.238.159.69	1.000	1.000	1.000
193.238.159.164	193.238.159.69	0.944	0.983	1.074
78.41.112.168	193.238.159.71	0.948	0.792	1.330
193.238.156.183	193.238.159.80	1.000	1.000	1.000
193.238.156.202	193.238.159.80	0.940	0.761	1.396
193.238.159.29	193.238.159.80	1.000	1.000	1.000
78.41.112.66	193.238.159.81	1.000	1.000	1.000
193.238.156.139	193.238.159.81	1.000	0.497	2.008
193.238.159.137	193.238.159.81	1.000	1.000	1.000
193.238.159.227	193.238.159.81	1.000	0.195	5.100
78.41.113.23	193.238.159.83	1.000	1.000	1.000
78.41.113.26	193.238.159.83	1.000	1.000	1.000
193.238.156.39	193.238.159.83	1.000	0.897	1.113
193.238.156.54	193.238.159.83	1.000	1.000	1.000
193.238.156.127	193.238.159.83	0.792	0.964	1.308
193.238.156.202	193.238.159.83	1.000	1.000	1.000
193.238.158.27	193.238.159.83	1.000	1.000	1.000
193.238.159.39	193.238.159.83	1.000	1.000	1.000
193.238.159.48	193.238.159.83	1.000	1.000	1.000
193.238.159.69	193.238.159.83	1.000	1.000	1.000
78.41.112.9	193.238.159.100	1.000	0.897	1.113
78.41.112.65	193.238.159.100	1.000	1.000	1.000
78.41.112.66	193.238.159.100	1.000	0.195	5.100
78.41.112.102	193.238.159.100	1.000	1.000	1.000
78.41.112.104	193.238.159.100	1.000	0.497	2.008
78.41.112.137	193.238.159.100	1.000	1.000	1.000
78.41.112.167	193.238.159.100	1.000	1.000	1.000
78.41.112.171	193.238.159.100	1.000	1.000	1.000
78.41.112.222	193.238.159.100	1.000	1.000	1.000
78.41.113.118	193.238.159.100	1.000	1.000	1.000
78.41.113.132	193.238.159.100	1.000	0.697	1.432
78.41.113.214	193.238.159.100	1.000	1.000	1.000
193.238.156.85	193.238.159.100	1.000	1.000	1.000
193.238.156.115	193.238.159.100	1.000	1.000	1.000
193.238.156.251	193.238.159.100	1.000	1.000	1.000
193.238.157.206	193.238.159.100	1.000	1.000	1.000
193.238.158.57	193.238.159.100	1.000	0.098	10.199
193.238.158.86	193.238.159.100	1.000	1.000	1.000
193.238.158.128	193.238.159.100	1.000	1.000	1.000
193.238.159.6	193.238.159.100	1.000	0.948	1.054
193.238.159.122	193.238.159.100	1.000	1.000	1.000
193.238.159.200	193.238.159.100	1.000	0.195	5.100
78.41.112.249	193.238.159.101	0.384	0.145	17.933
193.238.156.46	193.238.159.101	0.627	0.717	2.221
193.238.156.200	193.238.159.101	1.000	1.000	1.000
193.238.158.173	193.238.159.101	0.678	0.709	2.076
193.238.159.240	193.238.159.101	1.000	1.000	1.000
78.41.112.132	193.238.159.103	1.000	1.000	1.000
193.238.158.254	193.238.159.103	1.000	1.000	1.000
78.41.113.74	193.238.159.106	0.940	1.000	1.063
193.238.158.249	193.238.159.107	1.000	1.000	1.000
78.41.112.195	193.238.159.113	1.000	1.000	1.000
78.41.113.135	193.238.159.113	1.000	1.000	1.000
193.238.156.166	193.238.159.113	1.000	1.000	1.000
193.238.158.237	193.238.159.113	1.000	1.000	1.000
193.238.158.240	193.238.159.113	1.000	1.000	1.000
193.238.159.252	193.238.159.113	1.000	1.000	1.000
193.238.159.61	193.238.159.120	1.000	1.000	1.000
78.41.113.23	193.238.159.121	0.658	0.921	1.646
193.238.156.19	193.238.159.121	1.000	1.000	1.000
193.238.156.39	193.238.159.121	1.000	1.000	1.000
193.238.159.150	193.238.159.121	1.000	1.000	1.000
78.41.113.26	193.238.159.122	0.113	0.446	19.668
193.238.159.100	193.238.159.122	1.000	1.000	1.000
193.238.159.30	193.238.159.126	1.000	0.878	1.138
78.41.112.108	193.238.159.129	1.000	1.000	1.000
78.41.113.47	193.238.159.129	1.000	1.000	1.000
78.41.113.57	193.238.159.129	1.000	1.000	1.000
78.41.113.246	193.238.159.129	1.000	1.000	1.000
193.238.158.237	193.238.159.131	0.964	0.662	1.563
78.41.112.66	193.238.159.137	1.000	1.000	1.000
193.238.156.139	193.238.159.137	1.000	0.497	2.008
193.238.159.81	193.238.159.137	1.000	1.000	1.000
193.238.159.227	193.238.159.137	1.000	0.195	5.100
193.238.156.183	193.238.159.138	1.000	0.870	1.148
193.238.159.150	193.238.159.138	1.000	1.000	1.000
78.41.113.197	193.238.159.139	0.493	0.772	2.619
193.238.158.150	193.238.159.139	0.650	0.823	1.865
193.238.159.14	193.238.159.139	1.000	1.000	1.000
193.238.159.239	193.238.159.139	0.705	0.897	1.577
78.41.112.120	193.238.159.143	0.639	0.772	2.024
78.41.112.249	193.238.159.143	0.776	0.796	1.617
193.238.156.73	193.238.159.143	0.886	0.748	1.506
193.238.156.19	193.238.159.150	0.983	0.909	1.116
193.238.156.39	193.238.159.150	1.000	1.000	1.000
193.238.159.121	193.238.159.150	1.000	1.000	1.000
193.238.159.138	193.238.159.150	1.000	1.000	1.000
78.41.113.44	193.238.159.160	1.000	1.000	1.000
193.238.158.27	193.238.159.160	1.000	1.000	1.000
78.41.113.7	193.238.159.163	1.000	1.000	1.000
193.238.156.141	193.238.159.164	1.000	0.493	2.023
193.238.156.237	193.238.159.164	1.000	1.000	1.000
193.238.159.69	193.238.159.164	0.983	1.000	1.016
78.41.112.108	193.238.159.165	1.000	1.000	1.000
193.238.158.41	193.238.159.167	1.000	1.000	1.000
78.41.112.222	193.238.159.169	0.396	1.000	2.524
78.41.113.94	193.238.159.169	0.697	0.168	8.495
78.41.113.98	193.238.159.169	1.000	1.000	1.000
193.238.156.22	193.238.159.169	1.000	1.000	1.000
193.238.156.49	193.238.159.169	1.000	1.000	1.000
193.238.156.68	193.238.159.169	0.784	0.976	1.306
193.238.156.149	193.238.159.169	1.000	1.000	1.000
193.238.156.191	193.238.159.169	1.000	1.000	1.000
193.238.156.192	193.238.159.169	0.769	0.976	1.332
193.238.158.243	193.238.159.169	0.686	0.858	1.696
193.238.157.132	193.238.159.174	1.000	1.000	1.000
193.238.159.61	193.238.159.174	0.983	0.600	1.692
78.41.112.115	193.238.159.175	0.576	0.831	2.086
78.41.113.219	193.238.159.175	0.545	0.748	2.449
193.238.156.200	193.238.159.175	0.396	0.689	3.657
193.238.158.66	193.238.159.175	0.757	0.670	1.970
193.238.158.150	193.238.159.175	1.000	1.000	1.000
193.238.158.217	193.238.159.175	0.564	0.674	2.625
193.238.159.26	193.238.159.175	0.568	0.812	2.166
193.238.159.30	193.238.159.175	0.635	0.917	1.715
193.238.156.32	193.238.159.178	1.000	1.000	1.000
193.238.158.2	193.238.159.178	1.000	1.000	1.000
193.238.159.54	193.238.159.178	0.481	0.396	5.233
193.238.156.10	193.238.159.180	1.000	0.894	1.118
193.238.156.75	193.238.159.180	1.000	1.000	1.000
193.238.159.17	193.238.159.180	1.000	0.956	1.045
193.238.156.234	193.238.159.181	0.897	0.376	2.957
193.238.158.66	193.238.159.181	0.823	0.545	2.228
78.41.113.124	193.238.159.190	0.858	1.000	1.164
78.41.112.194	193.238.159.192	0.944	0.650	1.625
78.41.112.235	193.238.159.200	0.403	0.518	4.782
78.41.113.100	193.238.159.200	1.000	0.921	1.085
78.41.113.132	193.238.159.200	1.000	0.917	1.089
78.41.113.140	193.238.159.200	0.952	0.909	1.153
78.41.113.199	193.238.159.200	0.874	0.956	1.194
78.41.113.200	193.238.159.200	0.874	0.987	1.156
193.238.159.100	193.238.159.200	0.195	1.000	5.100
193.238.159.217	193.238.159.200	1.000	1.000	1.000
193.238.156.22	193.238.159.204	0.921	0.851	1.274
78.41.112.11	193.238.159.206	1.000	1.000	1.000
193.238.156.152	193.238.159.206	0.937	0.792	1.347
78.41.113.100	193.238.159.217	0.956	1.000	1.045
78.41.113.132	193.238.159.217	1.000	1.000	1.000
78.41.113.140	193.238.159.217	1.000	0.913	1.094
78.41.113.199	193.238.159.217	0.874	0.976	1.171
78.41.113.200	193.238.159.217	0.874	0.968	1.180
193.238.159.200	193.238.159.217	1.000	1.000	1.000
193.238.156.61	193.238.159.218	1.000	1.000	1.000
193.238.156.46	193.238.159.219	0.701	0.561	2.540
193.238.158.60	193.238.159.219	1.000	1.000	1.000
193.238.158.173	193.238.159.219	1.000	1.000	1.000
193.238.159.238	193.238.159.219	1.000	1.000	1.000
78.41.112.12	193.238.159.222	1.000	1.000	1.000
78.41.112.228	193.238.159.222	1.000	1.000	1.000
78.41.112.247	193.238.159.222	1.000	1.000	1.000
193.238.156.82	193.238.159.222	1.000	1.000	1.000
193.238.158.220	193.238.159.222	1.000	1.000	1.000
193.238.157.207	193.238.159.225	0.423	0.329	7.167
78.41.112.66	193.238.159.227	0.195	1.000	5.100
193.238.156.139	193.238.159.227	0.195	0.497	10.239
193.238.159.25	193.238.159.227	0.995	0.808	1.242
193.238.159.81	193.238.159.227	0.195	1.000	5.100
193.238.159.137	193.238.159.227	0.195	1.000	5.100
193.238.158.166	193.238.159.228	0.976	0.944	1.083
78.41.113.231	193.238.159.230	1.000	1.000	1.000
193.238.159.239	193.238.159.230	1.000	1.000	1.000
78.41.112.92	193.238.159.232	1.000	1.000	1.000
78.41.112.99	193.238.159.232	1.000	1.000	1.000
193.238.158.26	193.238.159.232	1.000	1.000	1.000
193.238.158.169	193.238.159.232	1.000	1.000	1.000
193.238.158.60	193.238.159.238	1.000	1.000	1.000
193.238.158.173	193.238.159.238	1.000	1.000	1.000
193.238.159.219	193.238.159.238	1.000	1.000	1.000
78.41.113.231	193.238.159.239	1.000	1.000	1.000
193.238.159.139	193.238.159.239	0.897	0.678	1.641
193.238.159.230	193.238.159.239	1.000	1.000	1.000
78.41.113.98	193.238.159.240	1.000	0.607	1.645
78.41.113.231	193.238.159.240	0.870	0.925	1.240
193.238.156.200	193.238.159.240	1.000	1.000	1.000
193.238.158.99	193.238.159.240	0.831	0.874	1.375
193.238.158.219	193.238.159.240	0.607	0.835	1.969
193.238.158.232	193.238.159.240	0.721	0.897	1.543
193.238.159.101	193.238.159.240	1.000	1.000	1.000
78.41.112.11	193.238.159.241	0.466	0.968	2.212
193.238.159.21	193.238.159.241	0.721	0.921	1.503
193.238.159.54	193.238.159.242	1.000	1.000	1.000
78.41.112.213	193.238.159.246	1.000	1.000	1.000
78.41.113.30	193.238.159.246	0.732	1.000	1.363
193.238.158.53	193.238.159.246	1.000	1.000	1.000
193.238.158.186	193.238.159.246	1.000	1.000	1.000
193.238.159.44	193.238.159.246	0.925	0.713	1.514
78.41.112.195	193.238.159.252	1.000	1.000	1.000
78.41.113.135	193.238.159.252	1.000	1.000	1.000
193.238.156.166	193.238.159.252	1.000	1.000	1.000
193.238.158.237	193.238.159.252	1.000	1.000	1.000
193.238.158.240	193.238.159.252	1.000	1.000	1.000
193.238.159.113	193.238.159.252	1.000	1.000	1.000
193.238.159.34	193.238.159.254	0.956	0.851	1.228

